"variable_id","mz","rt","mzmin","mzmax","rtmin","rtmax","ms2_files_id","ms2_spectrum_id","Compound.name","CAS.ID","HMDB.ID","KEGG.ID","Lab.ID","Adduct","mz.error","mz.match.score","RT.error","RT.match.score","CE","SS","Total.score","Database","Level","logFC","AveExpr","t","P.Value","adj.P.Val","B","control1","control2","control3","MethiocarbB1","MethiocarbB2","MethiocarbB3","Significance"
"M107T707_POS",107.049186853838,706.960327148438,107.049174392498,107.049221400965,702.445495605469,708.022521972656,"control1.mzXML;control2.mzXML;control3.mzXML;MethiocarbB1.mzXML;MethiocarbB2.mzXML;MethiocarbB3.mzXML","mz107.0492386rt703.319","3-Methylcatechol","488-17-5","HMDB0301753","C02923","HMDB0301753_11_shen","(M+H-H2O)+",0.272749999972177,0.999834696858548,NA,NA,"15",0.516297780958045,0.697624124420734,"HMDB_2022-04-11",2,0.450084066832918,7.0436309092244,2.40723712910967,0.0489127992541758,0.237631637956093,-4.08740502463429,7877477.54440793,3616144.53506151,10026137.8843165,28873095.8093104,28411594.654275,7798837.40413537,"Up"
"M120T238_POS",120.080958106363,237.589828491211,120.080886407871,120.080993498525,236.415008544922,238.982788085938,"control1.mzXML;control2.mzXML;control3.mzXML;MethiocarbB1.mzXML;MethiocarbB2.mzXML;MethiocarbB3.mzXML","mz120.08102285rt257.028","2-Amino-1-phenylethanol","7568-93-6","HMDB01065","C02735","NO07603","(M+H-H2O)+",0.557124999964742,0.99931048612272,NA,NA,"20",0.605416753262489,0.753126903085076,"NIST_0.0.1",2,0.278471751375778,7.54188067115883,3.63591475352505,0.00916011439711569,0.126560492741995,-2.41323884670638,19673989.0328759,26054893.8119079,31488549.3796025,46017192.592788,41932127.0634219,57264124.8099591,"Up"
"M123T77_POS",123.0553864478,77.021312713623,123.055344460994,123.05541570197,75.2592,79.6381607055664,"control1.mzXML;control2.mzXML;control3.mzXML;MethiocarbB1.mzXML;MethiocarbB2.mzXML;MethiocarbB3.mzXML","mz123.05529628rt82.1524","Niacinamide","98-92-0","HMDB0001406","C00153","LU025101","(M+H)+",0.00930000002341558,0.999999807800018,NA,NA,"15",0.723707461730675,0.827317091506679,"MassBank_2022-04-27",2,0.21129629153816,8.42286791199824,3.47491763189509,0.0112774774772921,0.136671564271708,-2.62263305030591,187588768.571617,226059631.949711,210974249.199572,320724639.794161,308412703.966245,389299269.048684,"Up"
"M132T125_POS",132.0763687457,125.44970703125,132.075620057113,132.076916483672,117.059631347656,133.735580444336,"control1.mzXML;control2.mzXML;control3.mzXML;MethiocarbB1.mzXML;MethiocarbB2.mzXML;MethiocarbB3.mzXML","mz132.07689014rt103.534","5,6-DIHYDROURACIL","504-07-4","HMDB0000076","C00429","EMBL-MCF_spec102005","(M+NH4)+",0.156770000003803,0.999945386307157,NA,NA,"35.0 eV",0.655286785608222,0.784533760870323,"MoNA_2022-04-27",2,0.274371209200566,7.19218024448836,2.52964982177237,0.0410760724132713,0.221529028903761,-3.91555305668154,10552695.2264809,14259981.9327365,9716314.17047601,24118364.9205185,13062834.85,30882485.7097225,"Up"
"M135T333_POS",135.044129404438,333.282043457031,135.044060489802,135.044193250765,332.206237792969,335.015319824219,"control1.mzXML;control2.mzXML;control3.mzXML;MethiocarbB1.mzXML;MethiocarbB2.mzXML;MethiocarbB3.mzXML","mz135.0441rt304.604","1-Isobenzofuranone","87-41-2",NA,"C09921","NO07555","(M+H)+",0,1,NA,NA,"20",0.7189550943773,0.824346933985812,"NIST_0.0.1",2,-0.195552821953036,6.57379121348432,-2.77443403897061,0.0290864546879406,0.195649601789147,-3.57314205490791,4375073.52259562,4103217.32197891,5762261.96321571,2916564.02032286,3549015.34657868,2588600.41409255,"Down"
"M137T128_1_POS",137.045948406344,128.484443664551,137.045916008407,137.045976517948,124.47395324707,130.746505737305,"control1.mzXML;control2.mzXML;control3.mzXML;MethiocarbB1.mzXML;MethiocarbB2.mzXML;MethiocarbB3.mzXML","mz137.04599851rt122.321","Hypoxanthine","68-94-0","HMDB0000157","C00262","HMDB0000157_16_shen","(M+H)+",0.469350000074087,0.99951058775111,NA,NA,"10",0.727495532742674,0.829501178370837,"HMDB_2022-04-11",2,0.263697646410289,9.05055698418346,3.96845278574073,0.00603589515519517,0.113258870261663,-1.99357668791137,701933878.89703,870191426.668523,933713157.077053,1653735864.33369,1286045005.78551,1657658672.00634,"Up"
"M146T47_4_POS",146.165322598838,47.0254993438721,146.165275688332,146.165349636992,46.7375183105469,47.388,"control1.mzXML;control2.mzXML;control3.mzXML;MethiocarbB1.mzXML;MethiocarbB2.mzXML;MethiocarbB3.mzXML","mz146.16525647rt48.542","Spermidine","124-20-9","HMDB0001257","C00315","HMDB0001257_21_shen","(M+H)+",0.147117500048921,0.999951904359253,NA,NA,"25",0.768289458711445,0.855162875829373,"HMDB_2022-04-11",2,-0.185812787945194,8.83237366160099,-2.40490425329577,0.0490763602175705,0.23799178146513,-4.0906798898074,622779841.757542,911995604.614538,1050782604.88687,551358714.011914,492830577.252639,608513075.525377,"Down"
"M147T372_POS",147.080624409579,371.936773681641,147.080550116241,147.080713404738,371.488861083984,372.207794189453,"control1.mzXML;control2.mzXML;control3.mzXML;MethiocarbB1.mzXML;MethiocarbB2.mzXML;MethiocarbB3.mzXML","mz147.08070208rt373.177","Benzylideneacetone","122-57-6","HMDB0031617",NA,"HMDB0031617_4_shen","(M+H)+",0.59284500004253,0.999219271162867,NA,NA,"45",0.593152499876055,0.74542753910861,"HMDB_2022-04-11",2,-0.484873020635336,6.97041630193161,-2.53702641830507,0.0406476737092553,0.221176596054593,-3.90520186944443,16176086.0845878,12763757.5637603,21072033.1451534,3416391.46803519,2937784.20554884,15217799.3887048,"Down"
"M149T712_2_POS",149.023387661561,712.400482177734,149.023353805073,149.023400083914,707.836730957031,713.553405761719,"control1.mzXML;control2.mzXML;control3.mzXML;MethiocarbB1.mzXML;MethiocarbB2.mzXML;MethiocarbB3.mzXML","mz149.02346285rt707.376","Phthalic acid","88-99-3","HMDB0002107","C01606","HMDB0002107_7_shen","(M+H-H2O)+",0.385424999933548,0.999669937970074,NA,NA,"35",0.580203060833316,0.737503139759601,"HMDB_2022-04-11",2,-0.244092257804514,8.37657439897131,-2.81117691040863,0.0276328431118325,0.190992185061446,-3.52203200711674,425521195.666306,307742913.642487,239195125.329656,143461904.87593,214694792.367446,188376492.75161,"Down"
"M152T125_POS",152.056893099395,125.493476867676,152.056849219523,152.056915523129,120.334922790527,128.678298950195,"control1.mzXML;control2.mzXML;control3.mzXML;MethiocarbB1.mzXML;MethiocarbB2.mzXML;MethiocarbB3.mzXML","mz152.05681722rt131.927","Guanine","73-40-5","HMDB00132","C00242","NO00006","(M+H)+",0.293050000053086,0.999809177536631,NA,NA,"15",0.713480090123278,0.820853497903286,"NIST_0.0.1",2,0.230488996446356,7.98642657150814,2.59923144802152,0.0372153564086688,0.213364918694638,-3.81796653381057,53952328.4714489,80520766.3745958,94542727.5359018,149264540.967745,97795249.4071932,138273450.637418,"Up"
"M153T40_POS",153.041005931068,39.535945892334,153.040870270639,153.042934439009,30.4463520050049,49.2222061157227,"control1.mzXML;control2.mzXML;control3.mzXML;MethiocarbB1.mzXML;MethiocarbB2.mzXML;MethiocarbB3.mzXML","mz153.04078997rt67.7875","Xanthine","69-89-6","HMDB00292","C00385","NO00047","(M+H)+",0.224925000011922,0.999887581306943,NA,NA,"15",0.580830559284095,0.737976942542663,"NIST_0.0.1",2,-0.778379609453036,5.77349760397969,-3.36099397477673,0.0130955891630628,0.145612459668038,-2.77310178320352,394399.188043768,2853085.69758305,2734081.12853038,316022.195422305,234091.066408203,192229.914094716,"Down"
"M163T288_POS",163.039168694626,288.125244140625,163.039052174094,163.039225828533,287.220062255859,292.869781494141,"control1.mzXML;control2.mzXML;control3.mzXML;MethiocarbB1.mzXML;MethiocarbB2.mzXML;MethiocarbB3.mzXML","mz163.03922817rt289.643","4-Methylphthalic anhydride",NA,NA,NA,"LU019402","(M+H)+",0.570425000034902,0.999277184289082,NA,NA,"30",0.651842618819491,0.782130580870588,"MassBank_2022-04-27",2,0.311809147109861,7.6957947597572,3.99925806371472,0.00581204077261252,0.111729611507968,-1.95560946979613,41629182.0217358,27749281.9052107,36059602.2677429,74963649.4884773,56272727.5308158,85103870.6202993,"Up"
"M167T396_POS",167.070271782484,395.615966796875,167.070210149949,167.070314463416,395.596923828125,396.052307128906,"control1.mzXML;control2.mzXML;control3.mzXML;MethiocarbB1.mzXML;MethiocarbB2.mzXML;MethiocarbB3.mzXML","mz167.07029044rt398.104","2'-Hydroxy-4'-methoxyacetophenone","552-41-0",NA,NA,"NO00315","(M+H)+",0.0238999999169209,0.999998730645259,NA,NA,"20",0.694147268868076,0.808841567034519,"NIST_0.0.1",2,1.22516562888059,7.19655142984919,3.03200166044173,0.0203746324972763,0.171429694767036,-3.21725406811851,486860.262197327,16068769.3772491,7219695.81359502,122381090.311053,99128135.0205705,22054208.6632469,"Up"
"M175T55_2_POS",175.119001838755,54.5905513763428,175.118955000383,175.119064802123,54.3660774230957,55.3678169250488,"control1.mzXML;control2.mzXML;control3.mzXML;MethiocarbB1.mzXML;MethiocarbB2.mzXML;MethiocarbB3.mzXML","mz175.11904732rt52.8103","DL-Arginine",NA,"HMDB0251511","C02385","HMDB0251511_14_shen","(M+H)+",0.179032500042808,0.9999287744565,NA,NA,"20",0.706146894986252,0.816315099787595,"HMDB_2022-04-11",2,0.215798787501832,8.7476686763587,3.19133193349501,0.0164174709303844,0.157182568827998,-3.00047798742609,353432015.197972,479550959.311198,489967413.031587,722606805.520992,634392778.232296,804347900.28504,"Up"
"M181T712_1_POS",181.049543981803,712.400482177734,181.049508493785,181.049589890404,708.920593261719,713.920837402344,"control1.mzXML;control2.mzXML;control3.mzXML;MethiocarbB1.mzXML;MethiocarbB2.mzXML;MethiocarbB3.mzXML","mz181.04933013rt701.119","Aspirin","50-78-2","HMDB0001879","C01405","HMDB0001879_33_shen","(M+H)+",0.571535000020162,0.999274369494469,NA,NA,"Unknown_13",0.761170712206141,0.850459583689264,"HMDB_2022-04-11",2,-0.232404226343615,7.98958307170006,-2.88979695801879,0.0247749246359097,0.184877871778179,-3.41301900497126,159313839.983557,135069602.809679,96503802.5391215,60927925.3463468,80156397.5064173,85386319.6821629,"Down"
"M182T155_POS",182.081542359143,154.759048461914,182.081526525105,182.081588978573,154.643905639648,155.009536743164,"control1.mzXML;control2.mzXML;control3.mzXML;MethiocarbB1.mzXML;MethiocarbB2.mzXML;MethiocarbB3.mzXML","mz182.0814rt148.129","L-Tyrosine","60-18-4","HMDB0000158","C00082","UA005601","(M+H)+",0.500000000016598,0.999444598736821,NA,NA,"50 % (nominal)",0.510457582689817,0.693827713707444,"MassBank_2022-04-27",2,0.279673662302712,6.39300324838417,3.0560419013007,0.0197171739419552,0.169415853564682,-3.18436169106577,1795439.76227129,2485705.95994351,1287889.66803078,4180587.70664946,2808688.15640625,3378931.41415339,"Up"
"M189T220_POS",189.123694217426,220.371467590332,189.123611498168,189.12378791679,218.602661132812,221.802261352539,"control1.mzXML;control2.mzXML;control3.mzXML;MethiocarbB1.mzXML;MethiocarbB2.mzXML;MethiocarbB3.mzXML","mz189.12370844rt222.935","Gly-Leu","869-19-2","HMDB00759","C02155","NO00833","(M+H)+",0.771100000065417,0.998679549873357,NA,NA,"15",0.671327832669176,0.794084726620744,"NIST_0.0.1",2,0.408204071568666,7.22467018924418,3.20970219898511,0.016017334837846,0.155998250516444,-2.97567863949536,5465039.43542825,14025495.8748087,15038098.8569918,29151259.6471699,21753453.1524412,30488154.9194105,"Up"
"M191T604_1_POS",191.142991655893,604.246154785156,191.14295301583,191.143074036699,601.52197265625,605.935729980469,"control1.mzXML;control2.mzXML;control3.mzXML;MethiocarbB1.mzXML;MethiocarbB2.mzXML;MethiocarbB3.mzXML","mz191.14305859rt598.153","xi-3-(4-Isopropylphenyl)-2-methylpropanal",NA,"HMDB0037763",NA,"AU506301","(M+H)+",0.103524999914839,0.999976183782261,NA,NA,"10 eV",0.601833847407538,0.751137223548059,"MassBank_2022-04-27",2,-0.402342177210091,7.38391492681577,-5.13279180703125,0.00159485668700808,0.0873090277107991,-0.669012722134964,40427423.4763231,40020230.1500392,35180531.8458918,19425047.766594,16414417.3145142,11082658.4363491,"Down"
"M191T84_2_POS",191.040172475793,83.8728637695312,191.040122728742,191.040190760348,82.1275,85.1907196044922,"control1.mzXML;control2.mzXML;control3.mzXML;MethiocarbB1.mzXML;MethiocarbB2.mzXML;MethiocarbB3.mzXML","mz191.04040638rt55.8618","4-Nitroquinoline N-oxide","56-57-5","HMDB0246549","C03474","AU251801","(M+H)+",11.8392999999628,0.732357335350193,NA,NA,"10 eV",0.576392122681298,0.634879077432133,"MassBank_2022-04-27",2,0.334437722870075,6.96744621926186,5.0353172902373,0.00176968280285567,0.0879169525187216,-0.771264292451423,6947842.53561153,6515017.2774706,5557974.30383784,15857622.7684669,11282964.7022085,14168828.0638392,"Up"
"M194T102_POS",194.067438926011,102.164520263672,194.067429433105,194.067480861071,102.13387298584,104.674,"control1.mzXML;control2.mzXML;control3.mzXML;MethiocarbB1.mzXML;MethiocarbB2.mzXML;MethiocarbB3.mzXML","mz194.06743616rt129.815","4-(4-Chlorophenyl)-4-hydroxypiperidine","39512-49-7",NA,NA,"NO01432","(M+H-H2O)+",14.1596000000277,0.640476513693613,NA,NA,"10",0.523610050528071,0.567434974215149,"NIST_0.0.1",2,-0.338470289973387,6.50725054103035,-2.59813195747639,0.0372733184958313,0.213495242047217,-3.81950743667709,3435214.83670539,5204469.43526678,5985861.89828312,2461924.47253306,1207169.55170429,3475387.14164992,"Down"
"M194T320_POS",194.115389083107,319.722808837891,194.115332139893,194.115477613086,318.448852539062,322.118804931641,"control1.mzXML;control2.mzXML;control3.mzXML;MethiocarbB1.mzXML;MethiocarbB2.mzXML;MethiocarbB3.mzXML","mz194.11524883rt320.926","Isoproterenol","7683-59-2","HMDB15197","C07056","NO01428","(M+H-H2O)+",5.62792499998466,0.932034317136868,NA,NA,"10",0.695823571206319,0.784402600930275,"NIST_0.0.1",2,-0.672280462117976,6.88149076870973,-5.17603215259828,0.00152356287902969,0.0867598656075933,-0.624144584508174,14941951.1932581,18635732.4135423,16148761.47859,5138131.58821046,4784466.12614968,1759595.75834559,"Down"
"M198T105_POS",198.087477465439,105.271087646484,198.087446017181,198.08751110902,103.542,106.133117675781,"control1.mzXML;control2.mzXML;control3.mzXML;MethiocarbB1.mzXML;MethiocarbB2.mzXML;MethiocarbB3.mzXML","mz198.08730322rt82.088","N-Acetylhistidine","2497-02-1","HMDB0032055","C02997","HMDB0032055_3_shen","(M+H)+",0.0950149999567884,0.999979938311868,NA,NA,"35",0.701885418680166,0.813670863542054,"HMDB_2022-04-11",2,-0.275191008512155,7.37100372757909,-3.34749114561048,0.0133313284972496,0.146837752869725,-2.79105717096114,24845753.911682,41430539.4557818,32600550.0678776,14309218.4143889,16522479.3494663,21209651.8358214,"Down"
"M200T471_POS",200.237157359043,471.288759277344,200.237140478625,200.237224471982,466.876586914062,475.109313964844,"control1.mzXML;control2.mzXML;control3.mzXML;MethiocarbB1.mzXML;MethiocarbB2.mzXML;MethiocarbB3.mzXML","mz200.23725221rt468.79","N-Methyldodecylamine",NA,NA,NA,"AU285002","(M+H)+",0.119224999934886,0.999968412497541,NA,NA,"20 eV",0.552745804090845,0.720454282243356,"MassBank_2022-04-27",2,-0.246808764895691,7.13537791850681,-4.21904399430454,0.00445694453153129,0.10236580674287,-1.68931011238873,17136830.6435908,18451224.8017447,18896927.5465818,11753968.1255239,9296428.00344446,9940769.16823297,"Down"
"M203T199_POS",203.139032405729,198.849395751953,203.13895058655,203.139126958374,194.178634643555,201.690505981445,"control1.mzXML;control2.mzXML;control3.mzXML;MethiocarbB1.mzXML;MethiocarbB2.mzXML;MethiocarbB3.mzXML","mz203.13926655rt220.347","Ala-Ile","29727-65-9",NA,NA,"NO01201","(M+H)+",0.666375000051289,0.9990136964048,NA,NA,"20",0.6955698029243,0.809361262979488,"NIST_0.0.1",2,0.241880319569168,6.48349941637023,2.4999163761035,0.0428511000557763,0.224938627391495,-3.95728590476507,1857049.55189841,3404290.73395353,1935653.57865119,3662226.67608553,3351827.97848772,5300194.22919549,"Up"
"M203T43_2_POS",203.223185658971,42.7059516906738,203.223149195148,203.223270545511,41.6903266906738,43.4804878234863,"control1.mzXML;control2.mzXML;control3.mzXML;MethiocarbB1.mzXML;MethiocarbB2.mzXML;MethiocarbB3.mzXML","mz203.22320644rt43.2636","Spermine","71-44-3","HMDB0001256","C00750","FiehnHILIC000768","(M+H)+",0.39902000004588,0.999646247117674,NA,NA,"HCD (NCE 20-30-40%)",0.734801595538376,0.834118339880613,"MoNA_2022-04-27",2,-0.361509538662542,7.4111142911453,-3.3604995104313,0.0131041416827013,0.145636410566389,-2.77375885342053,23426477.6011934,56730658.4070077,44883050.3010306,17785727.8775577,14401201.9379556,19169385.0887452,"Down"
"M212T288_POS",212.118378626082,287.951690673828,212.118232843041,212.118475726285,284.964721679688,289.407,"control1.mzXML;control2.mzXML;control3.mzXML;MethiocarbB1.mzXML;MethiocarbB2.mzXML;MethiocarbB3.mzXML","mz212.11821638rt289.603","1,3-Diphenylguanidine",NA,NA,NA,"LU084502","(M+H)+",0.0409500000841945,0.999996273556928,NA,NA,"30",0.574689749305527,0.734179695899802,"MassBank_2022-04-27",2,-0.472339767191517,6.07753733325709,-2.41748993204168,0.0482006108637596,0.235951658681336,-4.07301154192329,5545700.2676352,844905.16918274,1863619.68922644,851169.380831906,689778.633048611,569346.452987736,"Down"
"M216T398_POS",216.15930333694,398.059875488281,216.159295724643,216.159350784138,397.377105712891,399.523,"control1.mzXML;control2.mzXML;control3.mzXML;MethiocarbB1.mzXML;MethiocarbB2.mzXML;MethiocarbB3.mzXML","mz216.15932108rt399.966","Ethyl butylacetylaminopropionate",NA,"HMDB0246904","C18830","HMDB0246904_2_shen","(M+H)+",0.306149999929062,0.999791737639713,NA,NA,"45",0.630256761353519,0.768832377460842,"HMDB_2022-04-11",2,0.528109706391343,6.85479326938746,2.47435741945006,0.0444406438449313,0.228281086561607,-3.99316819705652,10147881.8660439,4587339.20625381,1271390.58468933,14361343.652719,14639473.6368004,10809953.6361371,"Up"
"M219T482_POS",219.174116715651,481.916305541992,219.174047275902,219.174281944722,480.506,483.865447998047,"control1.mzXML;control2.mzXML;control3.mzXML;MethiocarbB1.mzXML;MethiocarbB2.mzXML;MethiocarbB3.mzXML","mz219.1740549rt478.179","Nootkatone","4674-50-4","HMDB13687",NA,"NO01620","(M+H)+",0.862750000010237,0.998347283769857,NA,NA,"15",0.631797133054786,0.769253439572937,"NIST_0.0.1",2,-0.265238304921953,6.69085779159141,-3.31366864809235,0.013942227400162,0.14855948915297,-2.83614212150497,5295589.11915566,8419527.6222454,6625655.10133876,3096321.24248606,3346753.92959023,4562954.34179112,"Down"
"M229T213_POS",229.154734824118,213.111785888672,229.15468487253,229.154839804968,210.030136108398,214.006,"control1.mzXML;control2.mzXML;control3.mzXML;MethiocarbB1.mzXML;MethiocarbB2.mzXML;MethiocarbB3.mzXML","mz229.15496662rt231.809","Leu-Pro","6403-35-6",NA,NA,"NO01815","(M+H)+",0.666550000048005,0.999013178556481,NA,NA,"50",0.711832299281277,0.819525129009478,"NIST_0.0.1",2,0.338043584460351,6.8318489096538,5.14945302528848,0.00156695274450685,0.0867598656075933,-0.651688670343066,4991723.47029358,3730013.57168144,5230225.59688286,10465572.3840743,9097477.55489897,10566426.272299,"Up"
"M229T419_POS",229.119802051652,419.19805078125,229.119699145018,229.119866139605,417.040863037109,422.773468017578,"control1.mzXML;control2.mzXML;control3.mzXML;MethiocarbB1.mzXML;MethiocarbB2.mzXML;MethiocarbB3.mzXML","mz229.11938784rt420.798","Bisphenol A","80-05-7","HMDB0032133","C13624","EA016303","(M+H)+",7.28039999998487,0.888885218547021,NA,NA,"30 % (nominal)",0.503123706894206,0.647784273764011,"MassBank_2022-04-27",2,0.446589975582253,6.70918764962889,3.34257203415859,0.013418347487709,0.146837752869725,-2.79760459136496,3404994.86817131,2626372.67132687,3207784.41550116,14910237.7409003,9528731.92604998,4414974.86057748,"Up"
"M231T238_POS",231.170390739,238.150245666504,231.170112876424,231.170502147234,236.58283996582,240.053,"control1.mzXML;control2.mzXML;control3.mzXML;MethiocarbB1.mzXML;MethiocarbB2.mzXML;MethiocarbB3.mzXML","mz231.17052587rt259.194","Val-Ile","20556-14-3",NA,NA,"NO01861","(M+H)+",0.564675000020998,0.999291677966022,NA,NA,"20",0.719185756943005,0.824225477326637,"NIST_0.0.1",2,0.400149673129604,6.966917236975,4.15908166918971,0.00478825279931005,0.103684029595627,-1.76116054474035,4214263.09106214,8694782.02373844,5451887.15213538,15613941.1810193,11868806.3238891,17102383.4146799,"Up"
"M231T355_POS",231.060990063438,355.419464355469,231.060844516173,231.061036075237,354.809692382812,355.962127685547,"control1.mzXML;control2.mzXML;control3.mzXML;MethiocarbB1.mzXML;MethiocarbB2.mzXML;MethiocarbB3.mzXML","mz231.06094269rt356.506","3-Cyanopyridine",NA,NA,NA,"PR100269","(2M+Na)+",8.14327500009426,0.862981468381026,NA,NA,"Ramp 5-60 V",0.630123682898127,0.717445352454215,"MassBank_2022-04-27",2,1.29651112845777,6.66530004916683,3.13390508389109,0.0177392842862666,0.161353330875912,-3.07826937625894,393226.686760543,11017584.2633942,259659.424417711,31303791.5999362,22313250.4567984,12488407.3524362,"Up"
"M235T536_POS",235.169037207668,535.624709472656,235.169010864767,235.169097150164,534.926635742188,538.15966796875,"control1.mzXML;control2.mzXML;control3.mzXML;MethiocarbB1.mzXML;MethiocarbB2.mzXML;MethiocarbB3.mzXML","mz235.16901358rt532.609","3,5-Di-tert-butyl-4-hydroxybenzaldehyde","1620-98-0","HMDB0240643",NA,"AN113102","(M+H)+",0.716049999951451,0.998861254191581,NA,NA,"10 eV",0.64633585522092,0.778532879834918,"MassBank_2022-04-27",2,0.235993437846628,8.08717837197378,2.44460556132571,0.0463683029822624,0.231842851679832,-4.03494122646217,95142929.8253877,97589750.9912172,87049088.5856545,215885908.724138,190491515.088784,100328735.964574,"Up"
"M235T60_POS",235.165175922312,59.6167086334229,235.165161438937,235.165255219841,58.2041015625,61.0017242431641,"control1.mzXML;control2.mzXML;control3.mzXML;MethiocarbB1.mzXML;MethiocarbB2.mzXML;MethiocarbB3.mzXML","mz235.1650512rt57.194","BETAINE",NA,NA,NA,"EMBL-MCF_spec107285","(2M+H)+",0.514959999975417,0.99941087626474,NA,NA,"35.0 eV",0.716187679584258,0.822396378339439,"MoNA_2022-04-27",2,-0.398327464627704,8.30936778490703,-7.13745876215194,0.000242205588062257,0.0729757570732418,1.12131563184825,338675294.708088,325804844.492245,303985939.698273,128406000.503092,119437811.307881,139599866.291259,"Down"
"M238T398_POS",238.141375204746,398.059875488281,238.141353086316,238.141432596629,397.377105712891,398.888610839844,"control1.mzXML;control2.mzXML;control3.mzXML;MethiocarbB1.mzXML;MethiocarbB2.mzXML;MethiocarbB3.mzXML","mz238.14135569rt399.866","N,N-Diethyl-3,4-dimethoxybenzamide",NA,NA,NA,"FIO00372","(M+H)+",6.08577499995988,0.920992226540936,NA,NA,"10 eV",0.507038008076471,0.662270840000645,"MassBank_2022-04-27",2,0.719257374656539,6.92108335617045,2.64814889488843,0.0347297968987572,0.208761228049469,-3.74945660347673,762109.220848461,9124720.7682508,6952279.23616433,20254687.4949899,20871125.1110305,16446167.9918727,"Up"
"M239T241_POS",239.149008904427,240.559722900391,239.148788079323,239.149151642078,231.090362548828,244.436004638672,"control1.mzXML;control2.mzXML;control3.mzXML;MethiocarbB1.mzXML;MethiocarbB2.mzXML;MethiocarbB3.mzXML","mz239.14909972rt232.04","Pentaethylene glycol",NA,"HMDB0256256",NA,"HMDB0256256_3_shen","(M+H)+",0.403210000072818,0.999638780135258,NA,NA,"45",0.53682853269344,0.710382375484122,"HMDB_2022-04-11",2,-0.228681210284259,7.59130890832852,-2.86388880179703,0.0256803882235256,0.187865652676049,-3.44888692222619,45658590.5198658,71166927.8237155,40285413.0967074,32220482.7916212,30172575.1893008,27743451.3756141,"Down"
"M239T686_POS",239.236761279619,686.440368652344,239.236678130773,239.236788444882,684.868713378906,690.697937011719,"control1.mzXML;control2.mzXML;control3.mzXML;MethiocarbB1.mzXML;MethiocarbB2.mzXML;MethiocarbB3.mzXML","mz239.23678331rt674.582","14-Methylpentadecanoic acid","4669-02-7",NA,NA,"NO02364","(M+H-H2O)+",0.2917250000678,0.999810899047029,NA,NA,"25",0.60180727699365,0.751058635263667,"NIST_0.0.1",2,0.321823840630008,7.94642671130387,5.00634954210819,0.00182569596019742,0.0879169525187216,-0.801949170144741,57573158.3806891,70417397.834042,56058870.8343391,113429751.816186,123489281.412996,149851001.406637,"Up"
"M243T222_POS",243.134172101011,221.997479309082,243.134022584153,243.134286670255,221.530792236328,222.778793334961,"control1.mzXML;control2.mzXML;control3.mzXML;MethiocarbB1.mzXML;MethiocarbB2.mzXML;MethiocarbB3.mzXML","mz243.13410764rt220.847","Glu-Leu","5969-52-8",NA,NA,"NO02466","(M+H-H2O)+",0.519099999962691,0.999401368562537,NA,NA,"20",0.555761051008714,0.722126170091398,"NIST_0.0.1",2,0.247880667994715,6.81678170678031,2.47522577465916,0.0443856469598752,0.22810414490179,-3.99194902728418,3116709.8693093,6807411.77757465,5647363.21210418,9008084.48306313,7350983.27154596,10027397.6381187,"Up"
"M250T266_POS",250.160934572711,265.651977539062,250.160791581363,250.16101036148,264.97,267.158630371094,"control1.mzXML;control2.mzXML;control3.mzXML;MethiocarbB1.mzXML;MethiocarbB2.mzXML;MethiocarbB3.mzXML","mz250.16097951rt264.175","4-Fluoro-.alpha.-pyrrolidinopentiophenone","850352-62-4",NA,NA,"NO02164","(M+H)+",1.94877500007351,0.991596124985901,NA,NA,"15",0.666406104498134,0.788352362181047,"NIST_0.0.1",2,-0.514203221711305,6.60114280771455,-7.08563549216522,0.000252931585247214,0.0729757570732418,1.08179898959128,8395037.34300535,6421290.91303939,6967681.29400509,1902457.39592291,1999185.84892367,2831101.77272816,"Down"
"M251T63_POS",251.069552449607,63.4355875793457,251.069307003554,251.06978798437,62.775016784668,64.0265502929688,"control1.mzXML;control2.mzXML;control3.mzXML;MethiocarbB1.mzXML;MethiocarbB2.mzXML;MethiocarbB3.mzXML","mz251.06966411rt84.1622",".gamma.-Glu-Cys","636-58-8","HMDB01049","C00669","NO02181","(M+H)+",0.160275000027355,0.999942917016776,NA,NA,"25",0.692900202841745,0.808041220657382,"NIST_0.0.1",2,0.423579753877676,6.5819200764988,5.39849358844949,0.00120885930647219,0.0839449412027519,-0.398018886994204,1700051.12742125,2558305.92004084,2964668.50915661,6246203.11769088,5734234.39552765,6714880.93118469,"Up"
"M260T310_POS",260.185738781487,310.429138183594,260.185546974683,260.185824103024,304.698516845703,312.856109619141,"control1.mzXML;control2.mzXML;control3.mzXML;MethiocarbB1.mzXML;MethiocarbB2.mzXML;MethiocarbB3.mzXML","mz260.18580519rt310.457","Hexanoyl-L-Carnitine",NA,NA,NA,"RP025503","(M+H)+",0.262974999998278,0.999846332140062,NA,NA,"40",0.714971124085923,0.821799327106225,"MassBank_2022-04-27",2,0.279762410955056,6.92683826194954,3.56167922846344,0.0100770672477037,0.131131873967948,-2.50930509968915,8452812.94785262,5534289.48335972,4906909.39256892,12864834.9867898,11409424.8132715,10801658.2211122,"Up"
"M261T142_POS",261.144336046816,141.727279663086,261.144210942401,261.144372712172,137.652877807617,144.170013427734,"control1.mzXML;control2.mzXML;control3.mzXML;MethiocarbB1.mzXML;MethiocarbB2.mzXML;MethiocarbB3.mzXML","mz261.1443563rt140.268","Ile-Glu","42516-53-0",NA,NA,"NO02467","(M+H)+",0.359249999917211,0.999713239873679,NA,NA,"10",0.706686175181028,0.816571324440772,"NIST_0.0.1",2,-0.2363715018778,6.71561189533033,-2.50342268448274,0.0426376927049029,0.224543388166658,-3.95236390219267,10247458.5341899,4746817.79334481,6521901.08158406,3636852.75191848,4489458.12618608,3796284.83612892,"Down"
"M261T243_POS",261.130836453413,243.36408996582,261.130686711251,261.130915296651,239.493209838867,243.435195922852,"control1.mzXML;control2.mzXML;control3.mzXML;MethiocarbB1.mzXML;MethiocarbB2.mzXML;MethiocarbB3.mzXML","mz261.13086833rt237.601","Diaveridine",NA,"HMDB0251144",NA,"HMDB0251144_3_shen","(M+H)+",9.39360250001187,0.821939594057859,NA,NA,"15",0.711514951546372,0.75292419248818,"HMDB_2022-04-11",2,-0.239782867133888,8.27886131186072,-2.74002717235771,0.030521072737141,0.198301301964942,-3.62108666506299,210779400.919165,365149701.510254,204154576.792372,170875235.722013,129909064.9425,135079999.816066,"Down"
"M262T64_POS",262.164720378424,64.4483394622803,262.164627693414,262.164993736645,63.8303031921387,66.1099,"control1.mzXML;control2.mzXML;control3.mzXML;MethiocarbB1.mzXML;MethiocarbB2.mzXML;MethiocarbB3.mzXML","mz262.16488496rt65.8155","(2R)-3-Hydroxyisovaleroylcarnitine","99159-87-2",NA,NA,"NO02517","(M+H)+",0.0375999999846499,0.999996858316049,NA,NA,"20",0.692901365183134,0.808062175107977,"NIST_0.0.1",2,0.187227371972136,6.92293341348115,2.69846412688703,0.0323542786220854,0.203037147978298,-3.67910092627774,8216584.51245445,6971760.27912049,5369395.69456905,9385340.86003478,10815518.9861538,11044444.68116,"Up"
"M263T253_POS",263.139174741338,252.595596313477,263.138965265526,263.140864013489,251.148483276367,254.555,"control1.mzXML;control2.mzXML;control3.mzXML;MethiocarbB1.mzXML;MethiocarbB2.mzXML;MethiocarbB3.mzXML","mz263.1391rt254.991","Pro-Phe","13589-02-1",NA,NA,"NO02524","(M+H)+",0.249999999937245,0.999861120755796,NA,NA,"15",0.664810616844113,0.790454555810994,"NIST_0.0.1",2,0.339646470729768,6.86381721723092,2.74323191086162,0.030384346505065,0.19808118065628,-3.61661775599879,2598421.49406279,5996891.22195421,7750793.64206586,10672129.2816143,10186961.1685335,11604478.5332854,"Up"
"M263T593_POS",263.236563536651,592.749420166016,263.236519662845,263.236739788089,588.753540039062,595.34,"control1.mzXML;control2.mzXML;control3.mzXML;MethiocarbB1.mzXML;MethiocarbB2.mzXML;MethiocarbB3.mzXML","mz263.23655984rt581.421","Linoleic acid","60-33-3","HMDB0000673","C01595","HMDB0000673_13_shen","(M+H-H2O)+",0.926069999991341,0.998096024543311,NA,NA,"75",0.598145094734436,0.748126693412764,"HMDB_2022-04-11",2,-0.556186473141249,6.93051506874849,-6.14532941371539,0.000581652251528912,0.0762096494573078,0.305848962513926,14790483.0503377,18023561.1707545,15849003.1975713,6771056.63117412,3965262.21772797,3375492.4307938,"Down"
"M265T279_POS",265.154843631815,279.184020996094,265.154646280752,265.154963759664,276.374908447266,281.275115966797,"control1.mzXML;control2.mzXML;control3.mzXML;MethiocarbB1.mzXML;MethiocarbB2.mzXML;MethiocarbB3.mzXML","mz265.15378266rt263.891","Phe-Val","3918-90-9",NA,NA,"NO02565","(M+H)+",2.29335000000219,0.988380359518515,NA,NA,"10",0.657959586021732,0.781867376083025,"NIST_0.0.1",2,0.245894963766049,6.71684607902904,3.00445694308017,0.0211568900354207,0.174764051792309,-3.25501682275766,2766381.08865672,4756658.35807196,4597077.49163498,6962978.51694744,6194850.41375541,7665752.68000178,"Up"
"M265T685_1_POS",265.252199867306,685.309478759766,265.252174551384,265.252255181705,682.986,688.58251953125,"control1.mzXML;control2.mzXML;control3.mzXML;MethiocarbB1.mzXML;MethiocarbB2.mzXML;MethiocarbB3.mzXML","mz265.25215248rt675.516","Palmitoleic acid ethyl ester","56219-10-4",NA,NA,"NO03102","(M+H-H2O)+",1.11879999991515,0.997222279602467,NA,NA,"25",0.707187766791749,0.815950709095768,"NIST_0.0.1",2,-0.385449185596592,8.48283520031187,-6.71069645612951,0.000348736451108079,0.0761289243880523,0.786112226863565,425205505.530354,503770827.422159,496417960.133472,211818348.749887,187982839.331645,186315951.788338,"Down"
"M267T243_POS",267.133647820108,243.489227294922,267.133159121797,267.133851556772,242.224060058594,244.477493286133,"control1.mzXML;control2.mzXML;control3.mzXML;MethiocarbB1.mzXML;MethiocarbB2.mzXML;MethiocarbB3.mzXML","mz267.13413764rt243.395","Thr-Phe","16875-27-7",NA,NA,"NO02607","(M+H)+",0.344099999978198,0.999736912813538,NA,NA,"40",0.644006700600209,0.777405530180207,"NIST_0.0.1",2,0.259416353992438,7.27680503028901,2.71918809102355,0.0314261275316022,0.200802989732479,-3.65016148741258,9526880.03318544,20576999.9120485,14091518.9087249,25792170.7347122,22128790.2729922,29046516.3966401,"Up"
"M268T108_POS",268.104018195325,107.510154724121,268.103895533667,268.104131396829,104.674,110.027084350586,"control1.mzXML;control2.mzXML;control3.mzXML;MethiocarbB1.mzXML;MethiocarbB2.mzXML;MethiocarbB3.mzXML","mz268.10409542rt94.227","Adenosine","58-61-7","HMDB0000050","C00212","EQ330404","(M+H)+",0.113550000122586,0.999971347960416,NA,NA,"60 (nominal)",0.740465876452564,0.837780428268009,"MassBank_2022-04-27",2,-0.539597266152491,7.47518699390596,-4.10106496736107,0.00513488223362835,0.106858311191601,-1.83125357516287,109887625.260524,45822495.858049,34113741.3407349,15924556.4125479,18060874.1807329,14366764.4602119,"Down"
"M270T622_2_POS",270.315145881188,622.259453369141,270.315065362549,270.315220248409,618.968566894531,629.45263671875,"control1.mzXML;control2.mzXML;control3.mzXML;MethiocarbB1.mzXML;MethiocarbB2.mzXML;MethiocarbB3.mzXML","mz270.31528408rt617.64","Octadecylamine","124-30-1","HMDB0029586",NA,"HMDB0029586_18_shen","(M+H)+",0.665432499857843,0.999016483054885,NA,NA,"Unknown_7",0.501503317945841,0.688070754861733,"HMDB_2022-04-11",2,0.244492956883656,8.20032580328996,3.90352598748578,0.00653942587142358,0.115723183738227,-2.07411031260494,145268082.206578,111273431.393263,106090449.773673,219002774.578351,210236683.091009,201631663.022647,"Up"
"M279T590_POS",279.231247069752,589.516,279.23124099842,279.231273346458,587.5029296875,590.671020507812,"control1.mzXML;control2.mzXML;control3.mzXML;MethiocarbB1.mzXML;MethiocarbB2.mzXML;MethiocarbB3.mzXML","mz279.23125405rt601.415","12,13-Dihydroxy-9Z-octadecenoic acid","263399-35-5",NA,NA,"NO04027","(M+H-2H2O)+",1.36487500000726,0.995868815217361,NA,NA,"40",0.665025903998891,0.789091995705818,"NIST_0.0.1",2,-0.253651774591326,6.85119069370304,-3.33620378257585,0.0135319162231091,0.147297917338205,-2.80608576227719,8410711.38971613,10621022.8340551,9617244.77887242,7107616.21036375,4426503.64901771,4734887.05034052,"Down"
"M279T712_1_POS",279.158706708273,711.939880371094,279.15868152256,279.158769914618,708.920593261719,713.553405761719,"control1.mzXML;control2.mzXML;control3.mzXML;MethiocarbB1.mzXML;MethiocarbB2.mzXML;MethiocarbB3.mzXML","mz279.15847496rt701.826","Dibutyl phthalate","84-74-2","HMDB0033244","C14214","HMDB0033244_40_shen","(M+H)+",1.58557999995423,0.994428768446322,NA,NA,"Unknown_13",0.731905739628042,0.830351875434897,"HMDB_2022-04-11",2,-0.210510862347142,7.80260044075021,-2.56837603116354,0.0388783602794794,0.217155916152449,-3.86122426704094,95233560.5379658,78550517.6352502,70734052.8655237,36746503.050945,52011139.2635672,64672946.1992446,"Down"
"M280T575_POS",280.262932216071,574.962280273438,280.262840664455,280.263040490537,571.220520019531,577.7099609375,"control1.mzXML;control2.mzXML;control3.mzXML;MethiocarbB1.mzXML;MethiocarbB2.mzXML;MethiocarbB3.mzXML","mz280.26297705rt572.014","Muscone","541-91-3",NA,NA,"NO02067","(M+CH3CN+H)+",1.30737500001032,0.996208916835007,NA,NA,"35",0.590653774847992,0.742736953093122,"NIST_0.0.1",2,-0.510530414454956,7.33487383819833,-2.99762700846152,0.021355784768016,0.175100510484442,-3.26439258889695,30426220.5992173,49036566.6178259,39504727.6340541,13422735.857068,25051510.1853086,5154077.41423833,"Down"
"M282T685_3_POS",282.278650779433,684.931610107422,282.278580939197,282.278714959427,682.961486816406,688.58251953125,"control1.mzXML;control2.mzXML;control3.mzXML;MethiocarbB1.mzXML;MethiocarbB2.mzXML;MethiocarbB3.mzXML","mz282.27872235rt676.759","Oleamide","301-02-0","HMDB02117","C19670","NO03048","(M+H)+",1.19412499998361,0.996836271800638,NA,NA,"25",0.747249116694297,0.840844299859175,"NIST_0.0.1",2,-0.589964546027382,9.79620755317681,-6.50655751416952,0.000417844810371606,0.0761289243880523,0.617628505527285,12934026226.2251,12684367070.1082,11443712535.5675,4339077323.60991,3502488414.78105,2098465065.35971,"Down"
"M283T260_POS",283.175304653737,260.206954956055,283.175170570254,283.175420429378,259.371704101562,261.216217041016,"control1.mzXML;control2.mzXML;control3.mzXML;MethiocarbB1.mzXML;MethiocarbB2.mzXML;MethiocarbB3.mzXML","mz283.17520111rt261.276","Hexaethylene glycol","2615-15-8",NA,NA,"NO03079","(M+H)+",0.00277500006973241,0.999999982887499,NA,NA,"25",0.687403024438547,0.804626883856904,"NIST_0.0.1",2,-0.326234822335256,7.72470789216785,-3.82780798684087,0.00718575705852509,0.118064963390845,-2.16889934752666,72405951.2092133,110976963.690188,57341468.1503903,39886986.1545004,34370195.9341963,35298659.4750369,"Down"
"M284T62_POS",284.098597735312,61.8274478912354,284.098525725232,284.098670337809,61.7962799072266,61.9117,"control1.mzXML;control2.mzXML;control3.mzXML;MethiocarbB1.mzXML;MethiocarbB2.mzXML;MethiocarbB3.mzXML","mz284.09871694rt65.5145","Guanosine","118-00-3","HMDB00133","C00387","NO03129","(M+H)+",0.707650000038029,0.998887800014371,NA,NA,"25",0.658375418045179,0.786067561283626,"NIST_0.0.1",2,0.27500429736715,7.46196067270188,4.61319417141141,0.00281921263389593,0.0918624255831451,-1.23209266323567,19240330.8766092,23674703.5540379,20648023.5124773,39723834.8113363,36078112.0787442,43862511.341996,"Up"
"M284T736_POS",284.294098941192,736.250030517578,284.293826851109,284.294314249166,732.929809570312,736.633544921875,"control1.mzXML;control2.mzXML;control3.mzXML;MethiocarbB1.mzXML;MethiocarbB2.mzXML;MethiocarbB3.mzXML","mz284.29445865rt706.32","(2R,3R)-2-Aminooctadecane-1,3-diol",NA,"HMDB0242634",NA,"HMDB0242634_shen","(M+H-H2O)+",0.802124999808029,0.998571233847801,NA,NA,"35",0.510462670888887,0.69350338199848,"HMDB_2022-04-11",2,0.208435501818416,7.43999636781901,2.54209836627691,0.0403558222808886,0.220451610866082,-3.89808531981378,20267528.0271599,19232872.2178533,26091011.8647083,45452880.0651594,26112242.7382597,36160695.5020762,"Up"
"M285T650_POS",285.220937421617,649.550537109375,285.220814687445,285.221016479846,649.014,655.675720214844,"control1.mzXML;control2.mzXML;control3.mzXML;MethiocarbB1.mzXML;MethiocarbB2.mzXML;MethiocarbB3.mzXML","mz285.22059051rt661.055","Lynestrenol","52-76-6",NA,NA,"NO03190","(M+H)+",1.77372499990724,0.993033048354187,NA,NA,"25",0.538665654852085,0.709053427415373,"NIST_0.0.1",2,-0.203382561854704,7.52841718537378,-3.36580864267642,0.0130126274666875,0.144902355073031,-2.76670556875775,38282584.3833186,47182239.710136,43007638.6104068,25349610.521682,24787187.1875156,30337457.1381731,"Down"
"M286T349_POS",286.201224013515,348.863494873047,286.201098054134,286.201441283883,347.234771728516,350.553161621094,"control1.mzXML;control2.mzXML;control3.mzXML;MethiocarbB1.mzXML;MethiocarbB2.mzXML;MethiocarbB3.mzXML","mz286.20129084rt351.217","2-Octenoylcarnitine",NA,"HMDB0013324",NA,"HMDB0013324_3_shen","(M+H)+",0.043782499972167,0.999995740215064,NA,NA,"20",0.709172951165324,0.818231497058976,"HMDB_2022-04-11",2,-0.206053353034303,6.49848269424394,-3.01945052233549,0.0207271727470555,0.172785034013567,-3.23445134402429,5116237.17360879,3339716.81968334,3731365.567462,2549341.76176564,2496010.08053906,2413757.6200105,"Down"
"M289T292_POS",289.115970336519,291.708,289.115924688942,289.116070334594,290.488677978516,292.869781494141,"control1.mzXML;control2.mzXML;control3.mzXML;MethiocarbB1.mzXML;MethiocarbB2.mzXML;MethiocarbB3.mzXML","mz289.11595397rt292.968","(R)-Myclobutanil",NA,"HMDB0243541","C18477","HMDB0243541_2_shen","(M+H)+",13.800752499975,0.654917402344018,NA,NA,"8",0.558688566860812,0.594774380167014,"HMDB_2022-04-11",2,-0.369952884719871,6.14798811527177,-4.60467916231387,0.00284656007707871,0.0918624255831451,-1.24169365273396,1671704.07325424,2582890.36758325,2310086.80556751,829094.290085225,794908.633374442,1175205.67704137,"Down"
"M294T260_POS",294.179141816994,260.337,294.165026751729,294.1812304769,241.212814331055,272.702301025391,"control1.mzXML;control2.mzXML;control3.mzXML;MethiocarbB1.mzXML;MethiocarbB2.mzXML;MethiocarbB3.mzXML","mz294.17925223rt262.789","Benzamide, 4-(dimethylamino)-N-[6-(hydroxyamino)-6-oxohexyl]-","193551-00-7",NA,NA,"NO03420","(M+H)+",4.86942500003806,0.948672369686669,NA,NA,"5",0.509577968732864,0.674238369090541,"NIST_0.0.1",2,0.510738264952093,6.31421510761614,4.99825733128062,0.00184169561550834,0.0879169525187216,-0.810545527675576,1091030.43602307,1090378.33995167,1262187.40903641,4662353.56932033,4916358.19499163,2231022.74580967,"Up"
"M295T246_POS",295.128133707519,245.581008911133,295.127756096567,295.128233977066,244.436004638672,246.701,"control1.mzXML;control2.mzXML;control3.mzXML;MethiocarbB1.mzXML;MethiocarbB2.mzXML;MethiocarbB3.mzXML","mz295.12892262rt274.662","Aspartame","22839-47-0","HMDB0001894","C11045","EA277012","(M+H)+",0.0565500000959673,0.999992893575227,NA,NA,"75 % (nominal)",0.504433527389695,0.69026828970927,"MassBank_2022-04-27",2,0.196895073673287,6.60405820474121,2.92772942463216,0.0235099567163056,0.181224156266996,-3.3606104826486,2872594.75169662,3781900.9026104,3025850.7052409,5156362.09552071,4262374.56706523,5828035.73081786,"Up"
"M301T266_2_POS",301.119366571861,266.252136230469,301.119209149681,301.119531039962,265.261901855469,267.739501953125,"control1.mzXML;control2.mzXML;control3.mzXML;MethiocarbB1.mzXML;MethiocarbB2.mzXML;MethiocarbB3.mzXML","mz301.11950699rt268.44","Xylure",NA,NA,NA,"BML82357","(M+H)+",4.85252499998978,0.94901880576428,NA,NA,"Unknown_1",0.603978404031025,0.733368554680995,"MassBank_2022-04-27",2,0.429612247007636,6.70543431514237,4.75554361652627,0.00240275824170515,0.0895194351744323,-1.07338648143617,2343930.88717149,4114397.37735804,3073502.27165655,7032087.92286389,7382880.69607399,11102254.3663347,"Up"
"M302T520_POS",302.304954581242,520.398864746094,302.304847093071,302.305062312962,512.089965820312,525.823791503906,"control1.mzXML;control2.mzXML;control3.mzXML;MethiocarbB1.mzXML;MethiocarbB2.mzXML;MethiocarbB3.mzXML","mz302.30508672rt513.584","2,2'-(Tetradecylimino)diethanol",NA,NA,NA,"LU100201","(M+H)+",0.783199999858653,0.998637812532351,NA,NA,"15",0.592828843004648,0.745007206577537,"MassBank_2022-04-27",2,-0.331372052690079,7.61939493251449,-3.73261911320249,0.00809967775033824,0.121687633845181,-2.28937548354515,55294961.7364608,65910918.1454922,62172732.238463,35964852.0171254,33836743.3538355,18873823.2439855,"Down"
"M302T588_POS",302.30497893094,587.943725585938,302.304897924951,302.314888297828,572.387145996094,594.648681640625,"control1.mzXML;control2.mzXML;control3.mzXML;MethiocarbB1.mzXML;MethiocarbB2.mzXML;MethiocarbB3.mzXML","mz302.30484925rt582.84","D-erythro-Sphinganine","764-22-7","HMDB00269","C00836","NO03649","(M+H)+",1.37687499986328,0.995796006591268,NA,NA,"30",0.781664065909014,0.861963543664859,"NIST_0.0.1",2,-1.27961195765499,7.04922568728222,-2.65037102445607,0.0346211070677847,0.208744640521814,-3.74634682522635,48412696.035553,52411741.5423288,45994631.00378,44016966.4606711,678439.668385047,566405.919362373,"Down"
"M303T201_POS",303.166274031999,201.141006469727,303.166007606038,303.166477949633,193.441223144531,203.946319580078,"control1.mzXML;control2.mzXML;control3.mzXML;MethiocarbB1.mzXML;MethiocarbB2.mzXML;MethiocarbB3.mzXML","mz303.16624107rt193.529","L-Leucyl-L-leucine methyl ester","13022-42-9",NA,NA,"NO02428","(M-H+2Na)+",1.60267500007194,0.994308332252105,NA,NA,"25",0.607659890087701,0.752653055899352,"NIST_0.0.1",2,0.311428546501334,6.76057225087699,4.58659160717258,0.0029056361008959,0.0918624255831451,-1.2621284398074,3428089.97295502,4952216.73381064,3843457.45249482,7443045.56173288,8077669.75039232,9328735.97097117,"Up"
"M303T634_POS",303.231486231756,634.143,303.231421498054,303.23162945763,633.005981445312,638.560546875,"control1.mzXML;control2.mzXML;control3.mzXML;MethiocarbB1.mzXML;MethiocarbB2.mzXML;MethiocarbB3.mzXML","mz303.23168035rt659.744","20-Hydroxyarachidonic acid","79551-86-3","HMDB05998","C14748","NO04184","(M+H-H2O)+",0.299124999969536,0.999801184731694,NA,NA,"25",0.683732561983887,0.802258295514314,"NIST_0.0.1",2,0.327512509355887,7.17323914679307,3.26130696550256,0.0149484915486984,0.152438448091364,-2.90624228747939,10050065.5754812,13408828.2341333,7922987.18209568,30073230.4146344,22782034.1670312,14969718.1593427,"Up"
"M313T686_1_POS",313.27340768124,685.917022705078,313.27335300382,313.273450232298,684.868713378906,689.557373046875,"control1.mzXML;control2.mzXML;control3.mzXML;MethiocarbB1.mzXML;MethiocarbB2.mzXML;MethiocarbB3.mzXML","mz313.27357488rt668.397","MG(0:0/16:0/0:0)",NA,"HMDB0011533",NA,"HMDB0011533_8_shen","(M+H-H2O)+",0.33705999996414,0.999747566436546,NA,NA,"13",0.763022791472239,0.851794582083855,"HMDB_2022-04-11",2,0.320520922236176,8.93694110878904,4.47595292513401,0.00329806257232643,0.0960876729571733,-1.38832239954142,555904658.61361,718725128.07575,535154030.356498,1131584375.27702,1109566716.63664,1558706500.85104,"Up"
"M317T683_POS",317.246542927825,682.590026855469,317.245957776322,317.246562790874,680.957946777344,683.298950195312,"control1.mzXML;control2.mzXML;control3.mzXML;MethiocarbB1.mzXML;MethiocarbB2.mzXML;MethiocarbB3.mzXML","mz317.24733726rt696.04","5.beta.-Pregnane-3.alpha.,17-diol-20-one","570-52-5",NA,NA,"NO04429","(M+H-H2O)+",0.406850000018721,0.999632230038368,NA,NA,"40",0.577348117864556,0.735704659929736,"NIST_0.0.1",2,0.20984289665724,6.69076114857589,3.17334982527617,0.0168195959581536,0.158507111869187,-3.02479381862847,3096813.65492471,4245534.89740058,4351826.90068078,5937986.80273203,5999644.32844381,6843575.41431681,"Up"
"M318T558_POS",318.23992239665,557.82666015625,318.23974757397,318.240148680288,553.651977539062,559.895812988281,"control1.mzXML;control2.mzXML;control3.mzXML;MethiocarbB1.mzXML;MethiocarbB2.mzXML;MethiocarbB3.mzXML","mz318.23984542rt574.282","Drofenine",NA,NA,NA,"CO000151","(M+H)+",7.33644999996841,0.88726837760823,NA,NA,"10 eV",0.681634182773994,0.758747005836832,"MassBank_2022-04-27",2,-0.351400783579316,7.03509164174922,-3.08226124644134,0.0190259416614179,0.166493447964449,-3.14855987914378,13599545.7970264,17252607.5004522,18280873.9693097,12503642.4811268,6346959.27958825,4770583.37690329,"Down"
"M320T575_POS",320.255548184102,574.962280273438,320.25551033291,320.255670325051,571.220520019531,577.7099609375,"control1.mzXML;control2.mzXML;control3.mzXML;MethiocarbB1.mzXML;MethiocarbB2.mzXML;MethiocarbB3.mzXML","mz320.25564522rt583.285","Fenpropimorph-OH",NA,NA,NA,"HB002861","(M+H)+",5.13694999995096,0.943045669663148,NA,NA,"42% (nominal) with stepped collision energies 30% and 55%",0.549436529290805,0.697039956930434,"MassBank_2022-04-27",2,-0.541250728703697,7.45566875542484,-3.32311092793663,0.0137686903933035,0.147720276398045,-2.82354005157937,56556148.5612547,92909353.7118209,28730494.0132835,27736759.4228216,12820499.4037874,10096468.8742916,"Down"
"M324T60_POS",324.0588236882,60.1315383911133,324.052571458837,324.058974450601,50.5664749145508,61.0017242431641,"control1.mzXML;control2.mzXML;control3.mzXML;MethiocarbB1.mzXML;MethiocarbB2.mzXML;MethiocarbB3.mzXML","mz324.0588rt58.247","Cytidine 3'-monophosphate","84-52-6","HMDB0240312","C05822","HMDB0240312_2_shen","(M+H)+",0.877377499932663,0.99829081504002,NA,NA,"10",0.713098658074099,0.820045716936319,"HMDB_2022-04-11",2,-0.256498413717908,7.48415093218851,-4.59019419012975,0.00289376173420739,0.0918624255831451,-1.25805396539831,39127643.6023903,39806014.1067771,44133465.4566727,22308241.3214618,21350189.7758385,24537940.1260241,"Down"
"M325T75_POS",325.04302638251,75.3177642822266,325.042946607375,325.043083881241,74.1182,76.2818298339844,"control1.mzXML;control2.mzXML;control3.mzXML;MethiocarbB1.mzXML;MethiocarbB2.mzXML;MethiocarbB3.mzXML","mz325.04281077rt68.8135","Uridine 5'-monophosphate","58-97-9","HMDB0000288","C00105","HMDB0000288_18_shen","(M+H)+",0.889414999960536,0.998243635234432,NA,NA,"10",0.590027781030087,0.743108726356716,"HMDB_2022-04-11",2,-0.39011880257057,7.40420588998012,-6.15590038278852,0.000575931963517122,0.0762096494573078,0.315228073228066,46066573.6860299,36924127.4453177,36906233.1295575,15086121.5784232,14973576.3771849,18773114.1351143,"Down"
"M334T220_POS",334.139945401755,220.085433959961,334.139856733918,334.140101326855,219.609390258789,220.744934082031,"control1.mzXML;control2.mzXML;control3.mzXML;MethiocarbB1.mzXML;MethiocarbB2.mzXML;MethiocarbB3.mzXML","mz334.14008346rt221.778","Trp-Glu","36099-95-3",NA,NA,"NO04398","(M+H)+",0.70865000012077,0.998884656186189,NA,NA,"40",0.69267131971787,0.80750132089349,"NIST_0.0.1",2,-0.24681927068645,6.92644273640826,-4.53728355495433,0.00307372479632646,0.0932423184062807,-1.31811448457642,11185578.331368,10888553.3991233,11585865.6064808,6599224.25582796,5904969.51105761,6582468.00365231,"Down"
"M334T285_POS",334.139836987264,284.965667236328,334.139648669088,334.140299607721,283.549072265625,288.820861816406,"control1.mzXML;control2.mzXML;control3.mzXML;MethiocarbB1.mzXML;MethiocarbB2.mzXML;MethiocarbB3.mzXML","mz334.14042549rt286.653","Glu-Trp","38101-59-6",NA,NA,"NO04399","(M+H)+",1.56372500001112,0.99458087919775,NA,NA,"40",0.51935819252996,0.697566700030381,"NIST_0.0.1",2,0.187253115594086,6.27387021957058,2.86605127811401,0.0256034836417986,0.187600559985291,-3.44589096247994,1407012.38149749,1489887.84990919,1656835.86744424,2105320.63441897,2094620.48221406,2871221.77585409,"Up"
"M334T489_POS",334.234724297381,488.750671386719,334.234656564886,334.234842068023,488.711,489.124633789062,"control1.mzXML;control2.mzXML;control3.mzXML;MethiocarbB1.mzXML;MethiocarbB2.mzXML;MethiocarbB3.mzXML","mz334.23497388rt472.908","Carbetapentane","77-23-6",NA,NA,"NO04401","(M+H)+",6.81529999994268,0.901929902139383,NA,NA,"20",0.542312128072872,0.677168793347814,"NIST_0.0.1",2,-0.253366171776176,6.48354765250784,-2.57655820181233,0.0384299365307165,0.216055302361606,-3.84975043398985,2796029.05953274,3784551.20870868,6399354.19432596,2477087.26439101,2243555.05090752,2116974.6764881,"Down"
"M336T331_POS",336.192046639054,331.007904052734,336.191907418108,336.192077263677,328.259155273438,335.853607177734,"control1.mzXML;control2.mzXML;control3.mzXML;MethiocarbB1.mzXML;MethiocarbB2.mzXML;MethiocarbB3.mzXML","mz336.18945988rt309.527","Hydroxychloroquine","118-42-3","HMDB0015549","C07043","HMDB0015549_3_shen","(M+H)+",14.2992600000014,0.634844499771195,NA,NA,"10",0.550458421665078,0.582103200954872,"HMDB_2022-04-11",2,0.432287346836175,6.13109347101078,5.37168197122139,0.00124261838263761,0.0839449412027519,-0.424857950408533,632803.933267036,760765.671992622,1154328.22563478,2241495.54667402,2102197.10627065,2336146.74229308,"Up"
"M336T532_POS",336.250381256614,532.033203125,336.250347418609,336.250410360193,529.053100585938,543.457336425781,"control1.mzXML;control2.mzXML;control3.mzXML;MethiocarbB1.mzXML;MethiocarbB2.mzXML;MethiocarbB3.mzXML","mz336.25003585rt527.757","Oxeladin","468-61-1",NA,NA,"NO04448","(M+H)+",8.16037499987488,0.862446983554953,NA,NA,"20",0.543508352700292,0.66311033927079,"NIST_0.0.1",2,-0.39958798163127,7.09948197865549,-2.74845981417642,0.0301626900370126,0.197803210480537,-3.60932899700486,17016072.9515019,16187105.8373734,28694546.3626505,3973234.40837999,9600180.42145065,13111137.761707,"Down"
"M338T545_POS",338.266172678082,544.916259765625,338.266010239937,338.266515176303,541.958068847656,547.905883789062,"control1.mzXML;control2.mzXML;control3.mzXML;MethiocarbB1.mzXML;MethiocarbB2.mzXML;MethiocarbB3.mzXML","mz338.26608189rt517.165","Linoleoylglycine","2764-03-6",NA,NA,"NO04517","(M+H)+",7.29527499998994,0.888457050550978,NA,NA,"10",0.668717981322064,0.751120132282906,"NIST_0.0.1",2,-0.636474188597437,6.63783915558793,-4.84309440065212,0.00218090868692326,0.0892393880417753,-0.977453316174246,5942110.88908997,10573714.4905162,11750610.1525844,3522785.75047836,1972366.36258259,1308978.054733,"Down"
"M339T706_POS",339.287615930672,705.803283691406,339.286743732454,339.287753228067,703.560974121094,707.035522460938,"control1.mzXML;control2.mzXML;control3.mzXML;MethiocarbB1.mzXML;MethiocarbB2.mzXML;MethiocarbB3.mzXML","mz339.28880985rt683.545","Monoelaidin","2716-53-2",NA,NA,"NO05053","(M+H-H2O)+",1.47537499998407,0.995174499450563,NA,NA,"35",0.693807275173111,0.806819984277156,"NIST_0.0.1",2,0.27896877663512,7.6755070532786,3.1844861587171,0.016569326084753,0.157730836894631,-3.0097303153456,23534316.0367635,42396922.2102233,40647335.6184382,62334844.1316874,76953841.6378001,58078199.1599702,"Up"
"M343T305_POS",343.129873077167,304.589294433594,343.129683083195,343.130180377035,302.644989013672,307.399871826172,"control1.mzXML;control2.mzXML;control3.mzXML;MethiocarbB1.mzXML;MethiocarbB2.mzXML;MethiocarbB3.mzXML","mz343.1301rt304.396","4-Benzyl-7-methoxy-3-phenylcoumarin","147198-49-0",NA,NA,"NO04662","(M+H)+",6.99999999994816,0.896830059748315,NA,NA,"20",0.608644830531266,0.71671429148766,"NIST_0.0.1",2,0.342973738085328,6.28896325620523,3.90240122175259,0.00654854622621312,0.115723183738227,-2.07551153823712,1076825.50281011,1060592.0852609,1971221.58973229,2698248.91187297,3127506.00864028,2851479.22900206,"Up"
"M346T686_2_POS",346.273726463754,685.543334960938,346.27352658823,346.274152542849,683.8017578125,698.255920410156,"control1.mzXML;control2.mzXML;control3.mzXML;MethiocarbB1.mzXML;MethiocarbB2.mzXML;MethiocarbB3.mzXML","mz346.27115194rt656.739","Himbacine","6879-74-9","HMDB0253171","C10598","BML81392","(M+H)+",7.31764999997608,0.887811743580094,NA,NA,"Unknown_1",0.635547358650377,0.730146502999021,"MassBank_2022-04-27",2,0.305800753017285,8.39522716323493,2.97294739259818,0.0220912962417495,0.177206718865663,-3.29831082116627,107388745.190702,199961998.299798,248355695.591142,345483062.677674,314735205.993222,405518370.315078,"Up"
"M348T592_POS",348.288960160206,592.110473632812,348.28878745692,348.289075276438,588.753540039062,593.388366699219,"control1.mzXML;control2.mzXML;control3.mzXML;MethiocarbB1.mzXML;MethiocarbB2.mzXML;MethiocarbB3.mzXML","mz348.28673982rt621.439","Anandamide","94421-68-8","HMDB0004080","C11695","RP004101","(M+H)+",7.47544999995853,0.883218191859722,NA,NA,"10",0.530121588140963,0.662532814535498,"MassBank_2022-04-27",2,0.262634379181859,5.86840254939246,2.65548975038645,0.0343720941313823,0.208230878028734,-3.73918423369056,419506.883860307,557053.487185813,696017.389657015,962060.465217242,721061.293476562,1438747.77658389,"Up"
"M348T61_2_POS",348.0701162244,60.9914741516113,348.070012275274,348.070167690101,60.944,61.9045181274414,"control1.mzXML;control2.mzXML;control3.mzXML;MethiocarbB1.mzXML;MethiocarbB2.mzXML;MethiocarbB3.mzXML","mz348.07010451rt59.3752","3'-AMP","84-21-9","HMDB0003540","C01367","HMDB0003540_3_shen","(M+H)+",0.699572499911483,0.998913031883538,NA,NA,"35",0.726762997316092,0.828819260278884,"HMDB_2022-04-11",2,-0.487878715881809,8.28348170079488,-6.6171684907345,0.000378651208309119,0.0761289243880523,0.709593296547811,442103545.255668,272246876.062043,317523792.819395,103570862.424898,122123826.579806,103893656.677516,"Down"
"M349T61_1_POS",349.054279252339,61.4088687896729,349.054107991876,349.054549954403,60.944,61.9045181274414,"control1.mzXML;control2.mzXML;control3.mzXML;MethiocarbB1.mzXML;MethiocarbB2.mzXML;MethiocarbB3.mzXML","mz349.05401044rt83.3799","Inosine 5'-monophosphate","131-99-7","HMDB00175","C00130","NO04840","(M+H)+",0.973899999934247,0.997894483693833,NA,NA,"45",0.783779094627185,0.864072365527178,"NIST_0.0.1",2,-0.444426350751468,7.31850538594684,-3.49588353159973,0.0109737771075253,0.134948401440717,-2.59514524409236,31825801.8895401,35879309.5848315,36688693.9106133,8080179.4056346,9862666.50635891,24404014.8091394,"Down"
"M349T753_POS",349.183080582896,753.196624755859,349.182932940801,349.183243286452,746.967468261719,757.749816894531,"control1.mzXML;control2.mzXML;control3.mzXML;MethiocarbB1.mzXML;MethiocarbB2.mzXML;MethiocarbB3.mzXML","mz349.18134079rt734.561","Imidocarb",NA,"HMDB0253427",NA,"HMDB0253427_12_shen","(M+H)+",10.4537549999861,0.784391789113276,NA,NA,"Unknown_1",0.607418394884057,0.673783417720014,"HMDB_2022-04-11",2,-0.313829566482717,7.20382240150892,-2.61501859273442,0.036393427407982,0.211680415352053,-3.79584607077019,40900970.3560277,13690855.5541124,21579796.9636451,10331459.7789416,11599059.4917499,11538208.6858746,"Down"
"M352T317_POS",352.163725115917,317.365264892578,352.153945833355,352.165873625148,307.367004394531,327.505,"control1.mzXML;control2.mzXML;control3.mzXML;MethiocarbB1.mzXML;MethiocarbB2.mzXML;MethiocarbB3.mzXML","mz352.16594804rt317.968","Phe-Gly-Phe","87742-85-6",NA,NA,"NO05335","(M+H-H2O)+",0.870100000014418,0.99831902773023,NA,NA,"55",0.563017209529083,0.726255391354513,"NIST_0.0.1",2,0.359440762903299,6.17598337952159,4.26588670481953,0.00421574046391519,0.101988424533665,-1.63360102272643,702849.580055719,1358809.77415034,1020394.10832559,2093850.29450416,2347085.19301953,2374853.37899843,"Up"
"M356T589_POS",356.351798069635,588.664825439453,356.351696005223,356.351849276097,577.105895996094,596.452,"control1.mzXML;control2.mzXML;control3.mzXML;MethiocarbB1.mzXML;MethiocarbB2.mzXML;MethiocarbB3.mzXML","mz356.35170529rt581.219","Arachidoyl Ethanolamide",NA,"HMDB0248559",NA,"RP002401","(M+H)+",1.56177500002741,0.994594349726523,NA,NA,"10",0.544543692622121,0.713312689036272,"MassBank_2022-04-27",2,-0.500617850241365,7.13371632842388,-5.54541784697377,0.00104119938099242,0.0839449412027519,-0.252929290316913,22809164.3844178,28057714.1981634,22177577.133079,7320140.13284317,11109516.1382367,5495505.80172619,"Down"
"M359T651_POS",359.257599911718,650.840881347656,359.257422560951,359.257651995623,649.014,655.675720214844,"control1.mzXML;control2.mzXML;control3.mzXML;MethiocarbB1.mzXML;MethiocarbB2.mzXML;MethiocarbB3.mzXML","mz359.25797087rt646.434","8,11-Tridecadienoic acid, 13-(3-pentyl-2-oxiranyl)-, methyl ester, (8Z,11Z)-",NA,"METPA0001",NA,"NO04497","(M+Na)+",5.67717500004505,0.930881842467264,NA,NA,"60",0.533562071649536,0.682556985706184,"NIST_0.0.1",2,-0.320910765057656,7.32738221577153,-3.69281654613089,0.00851894860356306,0.124215111573157,-2.34017903132473,20631537.2230442,36749348.1776312,38347015.2975403,13579691.6131958,15882773.0186771,14688054.077594,"Down"
"M361T311_POS",361.1470257733,310.872770263672,361.146900984401,361.147315424233,309.280944824219,313.994842529297,"control1.mzXML;control2.mzXML;control3.mzXML;MethiocarbB1.mzXML;MethiocarbB2.mzXML;MethiocarbB3.mzXML","mz361.147412rt312.424","Gly-Gly-Gly-Gly-Gly-Gly","3887-13-6",NA,NA,"NO05144","(M+H)+",2.02999999999065,0.990884247155537,NA,NA,"10",0.553439175845338,0.717481077586662,"NIST_0.0.1",2,-0.272451613856905,6.05857375222322,-4.64603245185517,0.00271645113983221,0.0918216854500565,-1.19518018799366,1590933.2637937,1670604.65111679,1445017.24137078,821442.931693551,756414.438435269,941253.553612899,"Down"
"M364T80_1_POS",364.065213557576,79.5425720214844,364.065139741973,364.065359807758,77.5605,80.093635559082,"control1.mzXML;control2.mzXML;control3.mzXML;MethiocarbB1.mzXML;MethiocarbB2.mzXML;MethiocarbB3.mzXML","mz364.06534457rt91.0384","Guanosine 5'-monophosphate","85-32-5","HMDB01397","C00144","NO05217","(M+H)+",0.111425000000054,0.999972410312547,NA,NA,"25",0.704781893558521,0.81547833734128,"NIST_0.0.1",2,-0.176330169554806,8.27714484734056,-2.90380682893773,0.0242994879279614,0.183196239137376,-3.39364756592593,195170774.108059,250884139.161474,254707542.40832,147188885.769906,159469227.453887,157176415.321706,"Down"
"M366T449_POS",366.262599059557,449.485041137695,366.261818218788,366.263186077863,448.232360839844,451.818267822266,"control1.mzXML;control2.mzXML;control3.mzXML;MethiocarbB1.mzXML;MethiocarbB2.mzXML;MethiocarbB3.mzXML","mz366.26248656rt454.163","LAUROYLCARNITINE",NA,NA,NA,"EMBL-MCF_spec120532","(M+Na)+",2.31973999987645,0.988113007070658,NA,NA,"35.0 eV",0.540000401432687,0.708042628546926,"MoNA_2022-04-27",2,-0.351545035042594,6.10308422797239,-4.09706390937212,0.00515978868268809,0.106858311191601,-1.83610822001935,1872174.70826552,1691968.8137833,2166863.27311446,694085.905403702,708537.618544641,1230719.24744451,"Down"
"M379T651_POS",379.273920501662,650.840881347656,379.273696950767,379.274049014706,649.014,655.675720214844,"control1.mzXML;control2.mzXML;control3.mzXML;MethiocarbB1.mzXML;MethiocarbB2.mzXML;MethiocarbB3.mzXML","mz379.28132232rt677.542","MAG",NA,NA,NA,"EMBL-MCF_spec325926","(M+Na)+",1.59359999997832,0.994372425656189,NA,NA,"20.0 eV",0.671457714672134,0.792550731291155,"MoNA_2022-04-27",2,-0.422659457441346,6.59304773600682,-4.37377530860591,0.00371331776281001,0.0994137996439971,-1.50669785873768,4096766.04752103,7396799.36605947,8543727.56975749,2805477.83704057,2375901.71360678,2095649.79349618,"Down"
"M379T667_POS",379.283536276464,667.337524414062,379.283454396666,379.283654329837,665.534,671.571655273438,"control1.mzXML;control2.mzXML;control3.mzXML;MethiocarbB1.mzXML;MethiocarbB2.mzXML;MethiocarbB3.mzXML","mz379.28352342rt664.743","1-Arachidonoylglycerol","35474-99-8",NA,NA,"NO05564","(M+H)+",1.94144999994705,0.991658919024397,NA,NA,"45",0.755257522257736,0.843908046045234,"NIST_0.0.1",2,-0.33195236971599,7.994380261767,-3.54070290197508,0.0103539651938418,0.132646959753769,-2.53660159143054,93321204.8882428,172797784.924848,187737414.04029,59208660.7321687,70567349.1895627,73151492.1375221,"Down"
"M380T638_POS",380.255863824051,637.986724853516,380.255814849545,380.256141496017,636.445739746094,640.820556640625,"control1.mzXML;control2.mzXML;control3.mzXML;MethiocarbB1.mzXML;MethiocarbB2.mzXML;MethiocarbB3.mzXML","mz380.25582506rt633.845","D-erythro-Sphingosine-1-phosphate","26993-30-6","HMDB00277","C06124","NO05577","(M+H)+",0.687349999992648,0.9989506620017,NA,NA,"30",0.692406275930394,0.807360420707134,"NIST_0.0.1",2,-0.234010732036553,6.40492986656468,-2.77010052745363,0.029263154075268,0.195899602913875,-3.57917631568837,4913376.19762997,2812432.07869707,2662831.20245587,1949612.72506882,1913209.66107079,1959126.98024457,"Down"
"M385T92_POS",385.128819230954,91.7688140869141,385.128676808684,385.128854824322,90.8251419067383,92.0375213623047,"control1.mzXML;control2.mzXML;control3.mzXML;MethiocarbB1.mzXML;MethiocarbB2.mzXML;MethiocarbB3.mzXML","mz385.1288rt92.5707","S-Adenosylhomocysteine","979-92-0","HMDB0000939","C00021","HMDB0000939_16_shen","(M+H)+",0.221174999950335,0.999891298395996,NA,NA,"30",0.722633421936288,0.826605125608678,"HMDB_2022-04-11",2,0.19513190675189,6.63182283845418,3.43316270232313,0.0119098878878809,0.139259486431336,-2.67756740251741,3793673.83428329,3255787.13403227,3243804.43651307,5506885.86644614,4982568.65102364,5620914.88098737,"Up"
"M391T712_POS",391.283825306078,712.400482177734,391.283795373,391.283863431684,708.920593261719,713.920837402344,"control1.mzXML;control2.mzXML;control3.mzXML;MethiocarbB1.mzXML;MethiocarbB2.mzXML;MethiocarbB3.mzXML","mz391.28365855rt699.832","Bis(2-ethylhexyl) phthalate","117-81-7","HMDB0249243","C03690","SM818501","(M+H)+",1.6286250000519,0.994123071789029,NA,NA,"35  (nominal)",0.688814827319422,0.803305418995525,"MassBank_2022-04-27",2,-0.241746712248444,8.75462636207077,-3.38733713101655,0.0126485729975916,0.142864630813397,-2.73814473554985,877783959.116014,797180081.209706,604721035.206746,362575590.030864,489268702.566004,449068941.735953,"Down"
"M394T299_POS",394.231367720253,298.821807861328,394.230825866779,394.250193877572,292.869781494141,302.598449707031,"control1.mzXML;control2.mzXML;control3.mzXML;MethiocarbB1.mzXML;MethiocarbB2.mzXML;MethiocarbB3.mzXML","mz394.23170133rt299.981","Retreversine","1028332-91-3",NA,NA,"NO05860","(M+H)+",8.246674999981,0.859737552431067,NA,NA,"25",0.545191433090315,0.663146227843097,"NIST_0.0.1",2,0.489117371332366,6.65984828453695,3.02469895771142,0.0205789655713349,0.172078558181173,-3.22725803738034,2209055.70345876,3095720.28715759,2575730.47389793,10693296.2045215,14353026.880683,3366400.75425892,"Up"
"M400T598_2_POS",400.341589651962,597.889526367188,400.341509782517,400.341712861546,588.753540039062,602.512268066406,"control1.mzXML;control2.mzXML;control3.mzXML;MethiocarbB1.mzXML;MethiocarbB2.mzXML;MethiocarbB3.mzXML","mz400.34142871rt596.542","Palmitoyl-L-carnitine","2364-67-2","HMDB00222","C02990","NO05957","(M+H)+",1.92658052521333,0.991785673435807,NA,NA,"40",0.816705689590199,0.882360683532302,"NIST_0.0.1",2,-0.360332202275239,8.14173888674528,-4.26137643821667,0.00423832476901652,0.101988424533665,-1.63894891853578,290741595.576862,193723773.147745,164068374.349283,81739308.9809225,84328465.0328038,111253376.27733,"Down"
"M405T440_POS",405.224242592246,439.835510253906,405.224017709666,405.224445274876,438.519775390625,442.276580810547,"control1.mzXML;control2.mzXML;control3.mzXML;MethiocarbB1.mzXML;MethiocarbB2.mzXML;MethiocarbB3.mzXML","mz405.22440437rt441.493","Hydrocortisonacetate",NA,NA,NA,"AU282801","(M+H)+",6.87108172649672,0.900401025226247,NA,NA,"10 eV",0.563981419829834,0.690138771853489,"MassBank_2022-04-27",2,0.411681830716974,7.01924500244989,3.95331784354813,0.0061493399004778,0.113833545319516,-2.01228775102986,5024389.52956468,5118592.52895755,10714660.1592565,13938075.6768557,18670465.0675157,18192810.6404194,"Up"
"M413T712_2_POS",413.266059799405,711.833038330078,413.265953393289,413.266145278636,708.920593261719,713.920837402344,"control1.mzXML;control2.mzXML;control3.mzXML;MethiocarbB1.mzXML;MethiocarbB2.mzXML;MethiocarbB3.mzXML","mz413.26619532rt707.419","Dioctyl phthalate",NA,"HMDB0251427","C14227","HMDB0251427_76_shen","(M+Na)+",0.276780441573735,0.999829775794589,NA,NA,"18",0.661186893120316,0.788177974123169,"HMDB_2022-04-11",2,-0.236616104994161,8.9961710711588,-3.15987228686838,0.0171279339300766,0.159166821319438,-3.04304437728242,1438084269.31336,1432304059.27412,1070576762.41435,605799243.531512,930511030.349285,763025063.398769,"Down"
"M414T446_POS",414.214965413078,445.721343994141,414.214597455974,414.21533836564,444.952392578125,447.958862304688,"control1.mzXML;control2.mzXML;control3.mzXML;MethiocarbB1.mzXML;MethiocarbB2.mzXML;MethiocarbB3.mzXML","mz414.2153rt444.7","Echimidine N-oxide",NA,NA,NA,"NA002470","(M+H)+",7.24261030445458,0.889969964575175,NA,NA,"15% (nominal)",0.700558191779593,0.771587606577937,"MassBank_2022-04-27",2,-0.341076822564975,6.63263230506969,-4.50430199822912,0.00319218199829633,0.0946340618369592,-1.35579120322654,4735649.95460929,6941068.47528528,7810992.61310564,2965391.30658032,3154786.5848125,2601535.07689428,"Down"
"M417T614_POS",417.335768991206,613.597,417.335640525266,417.335801573172,608.29931640625,614.723999023438,"control1.mzXML;control2.mzXML;control3.mzXML;MethiocarbB1.mzXML;MethiocarbB2.mzXML;MethiocarbB3.mzXML","mz417.33564923rt598.783","1,24-Dihydroxyvitamin D3","57333-96-7",NA,NA,"NO06184","(M+H)+",1.55934438189887,0.994611117069502,NA,NA,"50",0.511794979801837,0.692851031277211,"NIST_0.0.1",2,-0.292688206904756,7.37671901471822,-2.66566710438365,0.0338825632631332,0.207200704576082,-3.72494677170279,48263502.8996847,19640001.5761932,39122715.9980131,14366707.4032465,17626485.9134253,19391068.8634503,"Down"
"M424T579_POS",424.341618104189,579.369018554688,424.34148333413,424.341883612186,570.062805175781,586.141,"control1.mzXML;control2.mzXML;control3.mzXML;MethiocarbB1.mzXML;MethiocarbB2.mzXML;MethiocarbB3.mzXML","mz424.34173907rt578.313","3-Hydroxyoleylcarnitine","851132-91-7",NA,NA,"NO06474","(M+H-H2O)+",0.850564454803698,0.998393602990728,NA,NA,"35",0.796717957982725,0.872346324860726,"NIST_0.0.1",2,-0.249437305927614,7.24114540759343,-2.69939574064968,0.032311941279993,0.202957693435847,-3.67779948184874,34684820.3291211,20868029.6114801,17297020.0251978,11328569.9568349,12915829.7056974,15275057.8176139,"Down"
"M425T666_POS",425.265823262569,666.173828125,425.26541053574,425.26591200464,663.337,670.495300292969,"control1.mzXML;control2.mzXML;control3.mzXML;MethiocarbB1.mzXML;MethiocarbB2.mzXML;MethiocarbB3.mzXML","mz425.26580477rt662.863","Gly-Pro-Arg-Pro-amide","126047-75-4",NA,NA,"NO06289","(M+H)+",8.94680446278928,0.837044145895092,NA,NA,"25",0.568703809535848,0.669331435670565,"NIST_0.0.1",2,-0.383060214245443,8.44542291213358,-3.21631002696512,0.0158759852292117,0.155554584503697,-2.96676859108362,234323066.546707,571361880.090172,608320922.253115,158041635.246683,179507778.494983,203621497.964246,"Down"
"M426T609_POS",426.357405351004,609.048461914062,426.357207716454,426.357674019812,600.377014160156,618.968566894531,"control1.mzXML;control2.mzXML;control3.mzXML;MethiocarbB1.mzXML;MethiocarbB2.mzXML;MethiocarbB3.mzXML","mz426.35732745rt604.675","Oleoyl-L-Carnitine",NA,NA,NA,"RP025103","(M+H)+",1.10834262614849,0.997273892870517,NA,NA,"40",0.766365853877059,0.852956368499606,"MassBank_2022-04-27",2,-0.393934770226233,8.33487383858077,-4.93736193148334,0.00196724889891793,0.0883166709827832,-0.875578434275131,474370727.070772,306656045.267419,270865853.319211,126697350.160514,135136216.734414,151418894.915826,"Down"
"M450T236_POS",450.232462231647,235.944427490234,450.232018394361,450.232623502175,235.283554077148,236.753143310547,"control1.mzXML;control2.mzXML;control3.mzXML;MethiocarbB1.mzXML;MethiocarbB2.mzXML;MethiocarbB3.mzXML","mz450.23249402rt234.747","Ranolazine","142387-99-3","HMDB0014388",NA,"HMDB0014388_3_shen","(M+Na)+",8.69004137187909,0.845510109881697,NA,NA,"Unknown_1",0.579982386538833,0.679555282792407,"HMDB_2022-04-11",2,0.412996562782593,7.06251610459254,4.2059757609321,0.00452693081965731,0.102641905382435,-1.70491776665764,4854558.43918498,11284791.7104404,6751654.16487299,19004947.9829314,18332106.689248,18406198.2996449,"Up"
"M454T667_POS",454.292536419269,667.337524414062,454.292446810867,454.292639606229,665.534,671.571655273438,"control1.mzXML;control2.mzXML;control3.mzXML;MethiocarbB1.mzXML;MethiocarbB2.mzXML;MethiocarbB3.mzXML","mz454.29248687rt655.205","1-Palmitoyl-2-hydroxy-sn-glycero-3-phosphoethanolamine","53862-35-4",NA,NA,"NO06588","(M+H)+",0.689269598430766,0.998944795832489,NA,NA,"40",0.674933579607052,0.796437785691591,"NIST_0.0.1",2,0.26758338768459,8.64539635792094,4.8102971772477,0.00226122189565903,0.0892393880417753,-1.01324159702602,309096920.715902,348401145.105863,318155723.126403,646603250.602727,564639639.033172,595874647.947807,"Up"
"M497T289_POS",497.227233857413,288.820861816406,497.227019009075,497.227902059147,284.964721679688,288.956,"control1.mzXML;control2.mzXML;control3.mzXML;MethiocarbB1.mzXML;MethiocarbB2.mzXML;MethiocarbB3.mzXML","mz497.2362127rt315.069","Telmisartan","144701-48-4","HMDB0015101","C07710","EA280501","(M+H-H2O)+",5.25444433311862,0.940490487117649,NA,NA,"35 % (nominal)",0.552044098613137,0.697711494302329,"MassBank_2022-04-27",2,0.302325408140762,5.89277203782755,4.28338489211407,0.00412937385140642,0.10135818847138,-1.61288557992408,624456.413090305,482712.612932617,556720.513911675,927173.381451833,1056093.98655804,1383377.47876831,"Up"
"M505T700_POS",505.26305702343,700.420654296875,505.262917091545,505.263405470991,699.229,701.745849609375,"control1.mzXML;control2.mzXML;control3.mzXML;MethiocarbB1.mzXML;MethiocarbB2.mzXML;MethiocarbB3.mzXML","mz505.26291334rt700.137","Necrofibrin, human",NA,"METPA0001",NA,"NO06842","(M+H)+",2.40140324574521,0.987266789795072,NA,NA,"15",0.53104417617951,0.702127656285346,"NIST_0.0.1",2,1.01549722333071,6.71577475467119,5.89636471870416,0.000736809896043775,0.0793893898588442,0.0803607600306036,1971538.7033425,2207533.4896298,966864.959429139,26854635.5894112,23667448.2444443,7368844.62656783,"Up"
"M508T290_POS",508.275272558315,289.658569335938,508.274725864616,508.275467858317,288.459808349609,292.869781494141,"control1.mzXML;control2.mzXML;control3.mzXML;MethiocarbB1.mzXML;MethiocarbB2.mzXML;MethiocarbB3.mzXML","mz508.2749592rt291.233","Cytochalasin C","22144-76-9",NA,NA,"NO06876","(M+H)+",10.9373871354986,0.766564429502293,NA,NA,"10",0.510159201395025,0.606311161935251,"NIST_0.0.1",2,0.419000769889205,6.42131086864162,4.28680507182105,0.00411272257008564,0.101309175776752,-1.60884258628119,1058739.48648031,2270024.16760827,1797263.93458247,4744797.13990347,3548808.03303711,4635895.13951813,"Up"
"M508T689_POS",508.375982612156,688.541381835938,508.375703872426,508.3764818443,686.126,691.695983886719,"control1.mzXML;control2.mzXML;control3.mzXML;MethiocarbB1.mzXML;MethiocarbB2.mzXML;MethiocarbB3.mzXML","mz508.37599289rt684.271","1-(1Z-Octadecenyl)-sn-glycero-3-phosphocholine","97802-55-6",NA,NA,"NO06870","(M+H)+",0.407395319328845,0.999631243682417,NA,NA,"40",0.618946325407658,0.761703169760693,"NIST_0.0.1",2,0.247341943853136,7.13955871405387,3.92139714729014,0.00639637204194954,0.115275133139218,-2.05187432522778,8702575.88511063,12139319.3469079,10563821.9075548,19427884.9862153,17157615.9095937,18484452.5497785,"Up"
"M510T657_POS",510.345660890066,657.488586425781,510.344629418346,510.346410279156,647.933,663.241333007812,"control1.mzXML;control2.mzXML;control3.mzXML;MethiocarbB1.mzXML;MethiocarbB2.mzXML;MethiocarbB3.mzXML","mz510.35560148rt672.751","1-Heptadecanoyl-sn-glycero-3-phosphocholine","50930-23-9",NA,NA,"NO06885","(M+H)+",0.394783557698887,0.999653717619745,NA,NA,"45",0.735008465394509,0.834250434978972,"NIST_0.0.1",2,0.240747673990117,6.51917827646052,4.20619612637615,0.00452574063927045,0.102641905382435,-1.70465434175697,2856868.70289456,2303041.28550932,2389028.40593081,4383948.46806584,4325343.54511283,4372907.51561951,"Up"
"M515T822_POS",515.413030771818,822.43505859375,515.412804372189,515.413176991172,817.775634765625,824.996704101562,"control1.mzXML;control2.mzXML;control3.mzXML;MethiocarbB1.mzXML;MethiocarbB2.mzXML;MethiocarbB3.mzXML","mz515.41339256rt824.914","Didodecyl 3,3'-thiodipropionate","123-28-4",NA,NA,"NO06909","(M+H)+",0.9556600722992,0.997972533262329,NA,NA,"30",0.627449613591281,0.766395708467924,"NIST_0.0.1",2,-0.385101137993296,7.26197938041331,-3.03376414236137,0.0203256433295876,0.171345173268424,-3.21484049302065,17050164.5526968,27042368.8540021,50097556.2132109,11782418.3270951,14934179.067086,9180591.04341532,"Down"
"M524T670_POS",524.361293994481,669.614135742188,524.36096716245,524.361478528139,663.337,676.932739257812,"control1.mzXML;control2.mzXML;control3.mzXML;MethiocarbB1.mzXML;MethiocarbB2.mzXML;MethiocarbB3.mzXML","mz524.3713076rt685.033","LysoPC(18:0/0:0)","19420-57-6","HMDB0010384","C04230","HMDB0010384_1_shen","(M+H)+",0.415737849969771,0.999615989395626,NA,NA,"40",0.617310105871619,0.760674812193121,"HMDB_2022-04-11",2,0.18530744402471,7.83058496652272,2.66309258590701,0.0340057015417215,0.207437879952291,-3.72854789273072,56928967.3843669,58785580.2663079,48886575.6912856,73070871.306419,106964581.281605,75289044.2749886,"Up"
"M525T321_POS",525.289089157169,320.656158447266,525.288852913113,525.289477147377,319.253326416016,323.349670410156,"control1.mzXML;control2.mzXML;control3.mzXML;MethiocarbB1.mzXML;MethiocarbB2.mzXML;MethiocarbB3.mzXML","mz525.28889947rt322.788","2-Piperidinecarboxylic acid, 1-(3,3-dimethyl-1,2-dioxopentyl)-, (1R)-1-(3-aminophenyl)-3-(3,4-dimethoxyphenyl)propyl ester, (2S)-","195513-96-3",NA,NA,"NO06959","(M+H)+",13.3270092076516,0.673890897533419,NA,NA,"5",0.661128873890317,0.665914632756481,"NIST_0.0.1",2,-0.239051386590465,7.16088147937493,-2.82844012938674,0.0269766270398482,0.18975591629372,-3.4980528622821,16125081.024461,28068542.6847823,15328503.1612239,10578614.8886277,10791066.9549609,11656660.9334128,"Down"
"M527T59_POS",527.158536553255,59.1644016815186,527.158317602207,527.158705411393,59.0603637695312,59.176700592041,"control1.mzXML;control2.mzXML;control3.mzXML;MethiocarbB1.mzXML;MethiocarbB2.mzXML;MethiocarbB3.mzXML","mz527.1587rt59.0811","Raffinose","512-69-6","HMDB0003213","C00492","HMDB0003213_70_shen","(M+Na)+",0.692436641871836,0.998935081865958,NA,NA,"21",0.690360723816341,0.806076108084947,"HMDB_2022-04-11",2,-0.387268920073972,7.29045599749681,-5.63110901275647,0.000955566691553013,0.0839449412027519,-0.169840915847446,30219374.4667278,25351378.0705037,36981483.6276308,12036873.9110423,11271204.7959678,14387341.7664297,"Down"
"M613T672_POS",612.555090451664,672.250854492188,612.554929435241,612.555222687497,672.179,676.932739257812,"control1.mzXML;control2.mzXML;control3.mzXML;MethiocarbB1.mzXML;MethiocarbB2.mzXML;MethiocarbB3.mzXML","mz612.55548619rt679.253","1-Oleoyl-2-palmitoyl-rac-glycerol","3331-34-8",NA,NA,"NO07179","(M+NH4)+",1.16529851755808,0.996986946971757,NA,NA,"35",0.638022220127265,0.772633992693949,"NIST_0.0.1",2,-0.312402300818605,6.68434631693182,-2.70136512925097,0.0322226339495815,0.202957693435847,-3.67504844513096,7223029.65017786,11246090.2089939,4091866.36309582,3696477.47754777,3663025.07483805,2836661.69088295,"Down"
"M627T296_POS",627.334545749334,296.116,627.332996097713,627.334682917138,291.861541748047,296.8505859375,"control1.mzXML;control2.mzXML;control3.mzXML;MethiocarbB1.mzXML;MethiocarbB2.mzXML;MethiocarbB3.mzXML","mz627.33588213rt296.829","Arg-Gln","2483-17-2",NA,NA,"NO03663","(2M+Na)+",9.535768908508,0.817038843242966,NA,NA,"45",0.537648727526515,0.642420020920184,"NIST_0.0.1",2,-0.272361913688511,5.75043642636621,-2.67937702050933,0.0332346689031605,0.205335043133778,-3.70577542815605,1216989.01623588,555174.969797326,676294.123023453,482329.485457477,338052.671233592,427010.17607415,"Down"
"M639T707_POS",638.57158846329,707.035522460938,638.571516186449,638.571607602915,704.660461425781,714.67333984375,"control1.mzXML;control2.mzXML;control3.mzXML;MethiocarbB1.mzXML;MethiocarbB2.mzXML;MethiocarbB3.mzXML","mz638.57192084rt714.728","DG(18:1(9Z)/18:1(9Z)/0:0)",NA,"HMDB0007218",NA,"HMDB0007218_45_shen","(M+NH4)+",0.0711368578013637,0.999988754613146,NA,NA,"37",0.733117537713305,0.833194244050745,"HMDB_2022-04-11",2,0.303505570038562,7.16444321187237,4.02970745959392,0.00559972481575856,0.111023812309652,-1.91823526035906,11244480.2609633,10519862.6216818,9228302.57754453,27771412.8263491,18671563.4048751,17132049.9742017,"Up"
"M647T710_POS",647.165558936647,710.365396972656,647.165043446489,647.165865467116,706.852722167969,711.663146972656,"control1.mzXML;control2.mzXML;control3.mzXML;MethiocarbB1.mzXML;MethiocarbB2.mzXML;MethiocarbB3.mzXML","mz647.16480588rt703.661","Isorhamnetin-3-O-rutinoside",NA,NA,NA,"PR040104","(M+Na)+",10.0065392017622,0.800504641399641,NA,NA,"Ramp 5-60 V",0.579385971801694,0.662305472900924,"MassBank_2022-04-27",2,-0.310679194365736,7.5401451694536,-2.89847742408107,0.0244791919616587,0.183824113572852,-3.40101448984808,33087371.8446776,59142864.1486848,62357640.6808613,28227128.6815979,30294426.7381706,16687346.1586257,"Down"
"M661T849_POS",660.55651987353,848.634643554688,660.556251281246,660.557004727554,841.546569824219,861.782348632812,"control1.mzXML;control2.mzXML;control3.mzXML;MethiocarbB1.mzXML;MethiocarbB2.mzXML;MethiocarbB3.mzXML","mz660.55621647rt846.269","1-Linoleoyl-2-oleoyl-rac-glycerol","2632-59-9",NA,NA,"NO07869","(M+CH3CN+H)+",0.176321101917257,0.999930915428713,NA,NA,"55",0.540271146954507,0.712643560132334,"NIST_0.0.1",2,0.248794166556684,6.7618691557206,3.16172026099109,0.0170852987544601,0.159118326614165,-3.04054064714487,3480692.96244031,4123433.03386267,5694971.51697021,6667590.04225468,7403978.0906237,9233464.9027203,"Up"
"M787T807_POS",786.591124126837,807.491180419922,786.590953422143,786.591217830324,801.777770996094,810.178466796875,"control1.mzXML;control2.mzXML;control3.mzXML;MethiocarbB1.mzXML;MethiocarbB2.mzXML;MethiocarbB3.mzXML","mz786.60027889rt824.101","1,2-dioleoyl-sn-glycero-3-phosphatidylcholine","4235-95-4",NA,NA,"NO08156","(M+H)+",0.662483873822277,0.999025175710044,NA,NA,"55",0.62904725682588,0.767788976407442,"NIST_0.0.1",2,0.190646443713718,7.16341999865987,3.56548064453598,0.01002775570247,0.130947646324681,-2.50436540995827,11863462.0447995,11162346.7684903,12087135.0665902,18247610.13879,18542165.5539583,17654816.7267867,"Up"
"M797T804_POS",796.523765585185,804.318237304688,796.522332924147,796.524761108859,798.48876953125,808.651550292969,"control1.mzXML;control2.mzXML;control3.mzXML;MethiocarbB1.mzXML;MethiocarbB2.mzXML;MethiocarbB3.mzXML","mz796.52289339rt794.105","1-Palmitoyl-2-linoleoyl-sn-glycero-3-phosphocholine","159701-21-0",NA,NA,"NO08099","(M+K)+",3.14694030862912,0.978233206298473,NA,NA,"60",0.675530290580781,0.789043883974916,"NIST_0.0.1",2,-0.264206301285737,6.90237577993901,-2.53375789219756,0.0408369172407138,0.221344291583501,-3.90978828589957,7179692.63730125,16575013.3729672,10662942.1195915,7382653.30670984,5183869.64331358,5345044.70244316,"Down"
